<?xml version="1.0" encoding="UTF-8"?>
<project-private xmlns="http://www.netbeans.org/ns/project-private/1">
    <editor-bookmarks xmlns="http://www.netbeans.org/ns/editor-bookmarks/2" lastBookmarkId="0"/>
    <open-files xmlns="http://www.netbeans.org/ns/projectui-open-files/2">
        <group>
            <file>file:/C:/Java/Java_Uah/F1/web/Diseño.css</file>
            <file>file:/C:/Java/Java_Uah/F1/src/java/com/example/servlet/CreateCircuitServlet.java</file>
            <file>file:/C:/Java/Java_Uah/F1/src/java/com/example/model/CalculatePower.java</file>
            <file>file:/C:/Java/Java_Uah/F1/src/java/com/example/model/DatabaseManager.java</file>
            <file>file:/C:/Java/Java_Uah/F1/web/index.jsp</file>
            <file>file:/C:/Java/Java_Uah/F1/src/java/com/example/model/Car.java</file>
            <file>file:/C:/Java/Java_Uah/F1/src/java/com/example/servlet/CreateCarServlet.java</file>
            <file>file:/C:/Java/Java_Uah/F1/src/java/com/example/model/Circuit.java</file>
            <file>file:/C:/Java/Java_Uah/F1/src/java/com/example/servlet/CalculatePowerServlet.java</file>
        </group>
    </open-files>
</project-private>
