<?xml version="1.0" encoding="UTF-8"?>
<Configuration status="info">
    <Appenders>				
        <!-- LOG -->
        <RollingFile name="LogFile" fileName="/usr/share/tomcat10/logs/logmvc.log"
                             filePattern="/usr/share/tomcat10/logsmvc-%d{yyyy}-%i.log.gz">
            <PatternLayout
                pattern="%n%d{yyyy-MM-dd HH:mm:ss.SSS} %-5level %-30l %logger{36} ### %msg"
                header="-- MVC EXAMPLE --" />
            <Policies>
                <TimeBasedTriggeringPolicy />
                <SizeBasedTriggeringPolicy size="10 MB" />
            </Policies>
            <DefaultRolloverStrategy max="20"/>
        </RollingFile>		
        <!-- LOGDB -->
        <RollingFile name="LogFileDB" fileName="/usr/share/tomcat10/logs/logdbmvc.log"
                             filePattern="/usr/share/tomcat10/logsmvc-%d{yyyy}-%i.logdb.gz">
            <PatternLayout
                pattern="%n%d{yyyy-MM-dd HH:mm:ss.SSS} %-5level %-30l %logger{36} ### %msg"
                header="-- MVC EXAMPLE --" />
            <Policies>
                <TimeBasedTriggeringPolicy />
                <SizeBasedTriggeringPolicy size="10 MB" />
            </Policies>
            <DefaultRolloverStrategy max="20"/>
        </RollingFile>	
        <RollingFile name="root" fileName="/usr/share/tomcat10/logs/root.log"
                filePattern="/usr/share/tomcat10/root-%d{yyyy}-%i.log.gz" >
            <PatternLayout pattern="%n%d{yyyy-MM-dd HH:mm:ss.SSS} %-5level %-30l %logger{36} ### %msg"
                header="-- MVC EXAMPLE --" />
            <Policies>
                <TimeBasedTriggeringPolicy />
                <SizeBasedTriggeringPolicy size="10 MB" />
            </Policies>
            <DefaultRolloverStrategy max="20"/>
        </RollingFile>		    
    </Appenders>
    <Loggers>
        <Root level="trace" additivity="FALSE">
            <AppenderRef ref="root" level="trace"/>
        </Root>
        <!-- LOG -->
        <Logger name="log" additivity="FALSE" level="INFO">
            <AppenderRef ref="LogFile" level="INFO" />
        </Logger>
        <!-- LOGDB -->
        <Logger name="logdb" additivity="FALSE" level="INFO">
            <AppenderRef ref="LogFileDB" level="INFO" />
        </Logger>	    
    </Loggers>
</Configuration>