<?xml version="1.0" encoding="UTF-8"?>
<project-private xmlns="http://www.netbeans.org/ns/project-private/1">
    <editor-bookmarks xmlns="http://www.netbeans.org/ns/editor-bookmarks/2" lastBookmarkId="0"/>
    <open-files xmlns="http://www.netbeans.org/ns/projectui-open-files/2">
        <group>
            <file>file:/C:/Users/david/OneDrive%20-%20Universidad%20de%20Alcala/Mi%20unidad/UNI/Cuarto/DesarroloWeb/Laboratorio/PLFinal/PLF_Cines/web/index.jsp</file>
            <file>file:/C:/Users/david/OneDrive%20-%20Universidad%20de%20Alcala/Mi%20unidad/UNI/Cuarto/DesarroloWeb/Laboratorio/PLFinal/PLF_Cines/web/gestionPeliculas.jsp</file>
            <file>file:/C:/Users/david/OneDrive%20-%20Universidad%20de%20Alcala/Mi%20unidad/UNI/Cuarto/DesarroloWeb/Laboratorio/PLFinal/PLF_Cines/web/reserva.jsp</file>
            <file>file:/C:/Users/david/OneDrive%20-%20Universidad%20de%20Alcala/Mi%20unidad/UNI/Cuarto/DesarroloWeb/Laboratorio/PLFinal/PLF_Cines/src/java/com/example/servlets/LoginServlet.java</file>
            <file>file:/C:/Users/david/OneDrive%20-%20Universidad%20de%20Alcala/Mi%20unidad/UNI/Cuarto/DesarroloWeb/Laboratorio/PLFinal/PLF_Cines/src/java/com/example/servlets/GestionPelicula.java</file>
            <file>file:/C:/Users/david/OneDrive%20-%20Universidad%20de%20Alcala/Mi%20unidad/UNI/Cuarto/DesarroloWeb/Laboratorio/PLFinal/PLF_Cines/src/java/com/example/model/Usuario.java</file>
            <file>file:/C:/Users/david/OneDrive%20-%20Universidad%20de%20Alcala/Mi%20unidad/UNI/Cuarto/DesarroloWeb/Laboratorio/PLFinal/PLF_Cines/src/java/com/example/model/Pelicula.java</file>
            <file>file:/C:/Users/david/OneDrive%20-%20Universidad%20de%20Alcala/Mi%20unidad/UNI/Cuarto/DesarroloWeb/Laboratorio/PLFinal/PLF_Cines/web/login.jsp</file>
            <file>file:/C:/Users/david/OneDrive%20-%20Universidad%20de%20Alcala/Mi%20unidad/UNI/Cuarto/DesarroloWeb/Laboratorio/PLFinal/PLF_Cines/web/gestionReservas.jsp</file>
            <file>file:/C:/Users/david/OneDrive%20-%20Universidad%20de%20Alcala/Mi%20unidad/UNI/Cuarto/DesarroloWeb/Laboratorio/PLFinal/PLF_Cines/web/gestionEntradas.jsp</file>
            <file>file:/C:/Users/david/OneDrive%20-%20Universidad%20de%20Alcala/Mi%20unidad/UNI/Cuarto/DesarroloWeb/Laboratorio/PLFinal/PLF_Cines/web/gestionInformes.jsp</file>
            <file>file:/C:/Users/david/OneDrive%20-%20Universidad%20de%20Alcala/Mi%20unidad/UNI/Cuarto/DesarroloWeb/Laboratorio/PLFinal/PLF_Cines/src/java/com/example/model/Fecha.java</file>
            <file>file:/C:/Users/david/OneDrive%20-%20Universidad%20de%20Alcala/Mi%20unidad/UNI/Cuarto/DesarroloWeb/Laboratorio/PLFinal/PLF_Cines/web/indexDetallado.jsp</file>
            <file>file:/C:/Users/david/OneDrive%20-%20Universidad%20de%20Alcala/Mi%20unidad/UNI/Cuarto/DesarroloWeb/Laboratorio/PLFinal/PLF_Cines/web/estilos/checking.js</file>
            <file>file:/C:/Users/david/OneDrive%20-%20Universidad%20de%20Alcala/Mi%20unidad/UNI/Cuarto/DesarroloWeb/Laboratorio/PLFinal/PLF_Cines/web/panelAdmin.jsp</file>
            <file>file:/C:/Users/david/OneDrive%20-%20Universidad%20de%20Alcala/Mi%20unidad/UNI/Cuarto/DesarroloWeb/Laboratorio/PLFinal/PLF_Cines/web/gestionSalas.jsp</file>
            <file>file:/C:/Users/david/OneDrive%20-%20Universidad%20de%20Alcala/Mi%20unidad/UNI/Cuarto/DesarroloWeb/Laboratorio/PLFinal/PLF_Cines/src/java/com/example/servlets/CrearUsuario.java</file>
            <file>file:/C:/Users/david/OneDrive%20-%20Universidad%20de%20Alcala/Mi%20unidad/UNI/Cuarto/DesarroloWeb/Laboratorio/PLFinal/PLF_Cines/web/confirmarReserva.jsp</file>
            <file>file:/C:/Users/david/OneDrive%20-%20Universidad%20de%20Alcala/Mi%20unidad/UNI/Cuarto/DesarroloWeb/Laboratorio/PLFinal/PLF_Cines/web/estilos/bootstrap.css</file>
            <file>file:/C:/Users/david/OneDrive%20-%20Universidad%20de%20Alcala/Mi%20unidad/UNI/Cuarto/DesarroloWeb/Laboratorio/PLFinal/PLF_Cines/src/java/com/example/model/DatabaseManager.java</file>
        </group>
    </open-files>
</project-private>
